id,clip_code,sentence,storage_path,created_at,student_id,stimulus_set,sentence_code,condition
002d9b56-f20f-4fa5-86c1-ec6824086569,b11901052_beta5_c2,I think it's gonna be really hard.,/clips/b11901052/beta5_c2.wav,2026-06-05 15:28:45.157671+00,b11901052,beta,beta5,c2
01e59447-fb7f-42ab-8672-64343f155144,r14922009_gamma3_c3a,What is the matter with your hand?,/clips/r14922009/gamma3_c3a.wav,2026-06-05 15:28:45.157671+00,r14922009,gamma,gamma3,c3a
02c551e2-1042-4639-a084-bff97f63cc23,r14922009_beta4_c3a,What kind of discount do we get?,/clips/r14922009/beta4_c3a.wav,2026-06-05 15:28:45.157671+00,r14922009,beta,beta4,c3a
06788064-6d1c-459a-9d3a-d64762594f9c,b11901052_alpha5_c3b,I never had a bike of my own.,/clips/b11901052/alpha5_c3b.wav,2026-06-05 15:28:45.157671+00,b11901052,alpha,alpha5,c3b
0912f6c7-6ec3-488d-ad29-ecda34a7c88d,b09207084_beta2_c3a,Maybe we can put it in the guest bedroom.,/clips/b09207084/beta2_c3a.wav,2026-06-05 15:28:45.157671+00,b09207084,beta,beta2,c3a
1a3eea43-c96e-4b68-bc8b-1001aa9c5342,r12323023_gamma4_c2,Of course it's true and it hurts so bad.,/clips/r12323023/gamma4_c2.wav,2026-06-05 15:28:45.157671+00,r12323023,gamma,gamma4,c2
1d0d05ed-ba09-4d84-a5fb-0c697bb69dfc,r14922009_gamma1_c3b,"His first big kid's bike, this is so exciting!",/clips/r14922009/gamma1_c3b.wav,2026-06-05 15:28:45.157671+00,r14922009,gamma,gamma1,c3b
1dacb912-23f0-4b86-8504-82297e1fbe6d,b11901052_alpha1_c2,I can't believe this is happening.,/clips/b11901052/alpha1_c2.wav,2026-06-05 15:28:45.157671+00,b11901052,alpha,alpha1,c2
1dbb486d-3fbb-44dd-a664-c2652330d9f5,b11901052_beta1_c3a,There's nothing wrong with speaking correctly.,/clips/b11901052/beta1_c3a.wav,2026-06-05 15:28:45.157671+00,b11901052,beta,beta1,c3a
239c6ef5-3a2f-4795-ba3f-bfc33c001ead,r12323023_gamma1_c2,"His first big kid's bike, this is so exciting!",/clips/r12323023/gamma1_c2.wav,2026-06-05 15:28:45.157671+00,r12323023,gamma,gamma1,c2
25b584eb-a018-4bf2-8f9d-3e1f3dccbabc,b09207084_alpha5_c3b,I never had a bike of my own.,/clips/b09207084/alpha5_c3b.wav,2026-06-05 15:28:45.157671+00,b09207084,alpha,alpha5,c3b
26bc6f44-de89-403c-94e9-ae8d6abe03fa,b11901052_beta4_c2,What kind of discount do we get?,/clips/b11901052/beta4_c2.wav,2026-06-05 15:28:45.157671+00,b11901052,beta,beta4,c2
2774e4c1-3514-4e12-a1e4-0875ddd33b56,r14922a21_gamma3_c3b,What is the matter with your hand?,/clips/r14922a21/gamma3_c3b.wav,2026-06-05 15:28:45.157671+00,r14922a21,gamma,gamma3,c3b
2bf0b38a-b633-4319-9e49-082f6921ed1f,b11901052_alpha4_c3a,Did the girl ever let you ride it?,/clips/b11901052/alpha4_c3a.wav,2026-06-05 15:28:45.157671+00,b11901052,alpha,alpha4,c3a
2cd14cff-29ed-4a45-8680-8ac181d5506b,b11901052_alpha6_c2,"Hey wait a minute, this one isn't dirty.",/clips/b11901052/alpha6_c2.wav,2026-06-05 15:28:45.157671+00,b11901052,alpha,alpha6,c2
337d2019-c058-4f15-90ea-263ef931bf8d,r14922009_gamma6_c3b,Are you going to eat that bread?,/clips/r14922009/gamma6_c3b.wav,2026-06-05 15:28:45.157671+00,r14922009,gamma,gamma6,c3b
360b138a-cdc7-4cad-83ca-eb83cba53761,b09207084_gamma4_c3a,Of course it's true and it hurts so bad.,/clips/b09207084/gamma4_c3a.wav,2026-06-05 15:28:45.157671+00,b09207084,gamma,gamma4,c3a
389126a9-befd-4eb0-82c6-fe37ab5ae019,r12323023_gamma3_c2,What is the matter with your hand?,/clips/r12323023/gamma3_c2.wav,2026-06-05 15:28:45.157671+00,r12323023,gamma,gamma3,c2
38cd3812-215d-4d81-aeb7-600718568154,r14922009_alpha6_c3a,"Hey wait a minute, this one isn't dirty.",/clips/r14922009/alpha6_c3a.wav,2026-06-05 15:28:45.157671+00,r14922009,alpha,alpha6,c3a
3c248004-dd79-4d79-b51f-d803459ef6e0,r12323023_alpha3_c3a,Half the guys out there have makeup on.,/clips/r12323023/alpha3_c3a.wav,2026-06-05 15:28:45.157671+00,r12323023,alpha,alpha3,c3a
3cc16432-f312-4a0d-91bb-0069988e7969,b09207084_alpha3_c3b,Half the guys out there have makeup on.,/clips/b09207084/alpha3_c3b.wav,2026-06-05 15:28:45.157671+00,b09207084,alpha,alpha3,c3b
42107c44-b2c6-43cf-a448-cd78ec6397df,r14922a21_beta1_c3b,There's nothing wrong with speaking correctly.,/clips/r14922a21/beta1_c3b.wav,2026-06-05 15:28:45.157671+00,r14922a21,beta,beta1,c3b
4a59ee3d-6c02-4e1a-b6cc-d4076ae0cfbb,r14525071_alpha3_c2,Half the guys out there have makeup on.,/clips/r14525071/alpha3_c2.wav,2026-06-05 15:28:45.157671+00,r14525071,alpha,alpha3,c2
4a6e2747-ff6e-45d3-8fbc-cfd640ee4f41,r14922a21_alpha2_c3b,I think I shouldn't look directly at them.,/clips/r14922a21/alpha2_c3b.wav,2026-06-05 15:28:45.157671+00,r14922a21,alpha,alpha2,c3b
4ab1f8a0-d110-4567-8bab-d4434bd2e401,r14922009_gamma3_c3b,What is the matter with your hand?,/clips/r14922009/gamma3_c3b.wav,2026-06-05 15:28:45.157671+00,r14922009,gamma,gamma3,c3b
4d068bf2-d479-44ef-ae77-162f00c79bcd,b11901052_gamma4_c2,Of course it's true and it hurts so bad.,/clips/b11901052/gamma4_c2.wav,2026-06-05 15:28:45.157671+00,b11901052,gamma,gamma4,c2
4d54d8e1-6a24-4c36-8514-4fe60593ea13,r12323023_beta5_c3b,I think it's gonna be really hard.,/clips/r12323023/beta5_c3b.wav,2026-06-05 14:54:51.258312+00,r12323023,beta,beta5,c3b
4dced2fa-7fe1-4a6e-ada7-8b92c781320e,r14922a21_beta4_c3b,What kind of discount do we get?,/clips/r14922a21/beta4_c3b.wav,2026-06-05 15:28:45.157671+00,r14922a21,beta,beta4,c3b
50449bc7-d549-4919-b203-2b3ccb67c27b,r14525071_gamma3_c3a,What is the matter with your hand?,/clips/r14525071/gamma3_c3a.wav,2026-06-05 14:54:51.258312+00,r14525071,gamma,gamma3,c3a
50e6e88f-47f3-4b9d-9cd1-3e361478a20b,r12323023_alpha1_c3b,I can't believe this is happening.,/clips/r12323023/alpha1_c3b.wav,2026-06-05 14:54:51.258312+00,r12323023,alpha,alpha1,c3b
51243406-507a-43a6-8cdb-bf95aee2a646,b11901052_alpha6_c3b,"Hey wait a minute, this one isn't dirty.",/clips/b11901052/alpha6_c3b.wav,2026-06-05 15:28:45.157671+00,b11901052,alpha,alpha6,c3b
512df5c1-3bfd-42b4-b162-9ccdb099cb62,r12323023_alpha1_c3a,I can't believe this is happening.,/clips/r12323023/alpha1_c3a.wav,2026-06-05 15:28:45.157671+00,r12323023,alpha,alpha1,c3a
51d00112-67a1-4ce1-8ed7-b7ac3e5940aa,r14922009_alpha4_c3b,Did the girl ever let you ride it?,/clips/r14922009/alpha4_c3b.wav,2026-06-05 14:54:51.258312+00,r14922009,alpha,alpha4,c3b
522ccdd3-374e-41f1-86ce-fe14ef881b2c,r14922009_beta3_c3a,"Wow, I really get crabby when I cook.",/clips/r14922009/beta3_c3a.wav,2026-06-05 14:54:51.258312+00,r14922009,beta,beta3,c3a
53a253a5-1bcd-42d5-bbb2-92e1a02e389e,r14922a21_alpha6_c2,"Hey wait a minute, this one isn't dirty.",/clips/r14922a21/alpha6_c2.wav,2026-06-05 14:54:51.258312+00,r14922a21,alpha,alpha6,c2
53de1ce3-8104-4979-8b05-f176efe8004d,r14922a21_beta3_c3a,"Wow, I really get crabby when I cook.",/clips/r14922a21/beta3_c3a.wav,2026-06-05 14:54:51.258312+00,r14922a21,beta,beta3,c3a
5445a377-412e-43b2-b1a2-dc230f6a04fc,r14922a21_alpha4_c2,Did the girl ever let you ride it?,/clips/r14922a21/alpha4_c2.wav,2026-06-05 14:54:51.258312+00,r14922a21,alpha,alpha4,c2
54cb896f-152e-4dcc-a5ff-a64facd5447a,b09207084_alpha1_c3a,I can't believe this is happening.,/clips/b09207084/alpha1_c3a.wav,2026-06-05 14:54:51.258312+00,b09207084,alpha,alpha1,c3a
55e6915c-8a27-49a2-afab-8e17ba99a626,r14525071_beta2_c3b,Maybe we can put it in the guest bedroom.,/clips/r14525071/beta2_c3b.wav,2026-06-05 15:28:45.157671+00,r14525071,beta,beta2,c3b
5663e6af-5473-4336-b706-3c443daf1c17,b09207084_alpha2_c3a,I think I shouldn't look directly at them.,/clips/b09207084/alpha2_c3a.wav,2026-06-05 15:28:45.157671+00,b09207084,alpha,alpha2,c3a
568bf97a-6085-495b-a3f5-8a6b24e42e57,r14922a21_gamma1_c3a,"His first big kid's bike, this is so exciting!",/clips/r14922a21/gamma1_c3a.wav,2026-06-05 14:54:51.258312+00,r14922a21,gamma,gamma1,c3a
56e264aa-b0d9-4c3a-a93b-9fb4c83df4bb,r14922a21_alpha6_c3a,"Hey wait a minute, this one isn't dirty.",/clips/r14922a21/alpha6_c3a.wav,2026-06-05 14:54:51.258312+00,r14922a21,alpha,alpha6,c3a
56fa95f7-d09e-46bb-a91c-afe04b301da6,r12323023_gamma4_c3a,Of course it's true and it hurts so bad.,/clips/r12323023/gamma4_c3a.wav,2026-06-05 14:54:51.258312+00,r12323023,gamma,gamma4,c3a
57a5b69c-de86-4c3b-9ec5-19573135cde4,b11901052_gamma1_c3b,"His first big kid's bike, this is so exciting!",/clips/b11901052/gamma1_c3b.wav,2026-06-05 15:28:45.157671+00,b11901052,gamma,gamma1,c3b
5951e9c9-b5d4-428b-9b3e-afe702a65524,b09207084_beta4_c3a,What kind of discount do we get?,/clips/b09207084/beta4_c3a.wav,2026-06-05 14:54:51.258312+00,b09207084,beta,beta4,c3a
599cc1ad-c36a-441a-a297-4b39c6592401,r14922a21_gamma5_c2,There's a side of steamed vegetables.,/clips/r14922a21/gamma5_c2.wav,2026-06-05 14:54:51.258312+00,r14922a21,gamma,gamma5,c2
59ca9659-1e93-4381-b94a-924d0de93505,r14525071_beta2_c2,Maybe we can put it in the guest bedroom.,/clips/r14525071/beta2_c2.wav,2026-06-05 14:54:51.258312+00,r14525071,beta,beta2,c2
5a2a07cf-a2d1-4c87-9708-3c2e1abc6074,r14922009_alpha3_c2,Half the guys out there have makeup on.,/clips/r14922009/alpha3_c2.wav,2026-06-05 14:54:51.258312+00,r14922009,alpha,alpha3,c2
5a4edd79-a0dc-4cca-80cb-83de7b14f1d9,r14922a21_beta6_c3b,I've had a really good time tonight.,/clips/r14922a21/beta6_c3b.wav,2026-06-05 14:54:51.258312+00,r14922a21,beta,beta6,c3b
5a6bbad7-7772-44cc-9e23-ae03b7fa1eac,b11901052_gamma4_c3b,Of course it's true and it hurts so bad.,/clips/b11901052/gamma4_c3b.wav,2026-06-05 14:54:51.258312+00,b11901052,gamma,gamma4,c3b
5af66217-ae1f-4f5b-a37e-fad64fc6c121,b11901052_alpha4_c3b,Did the girl ever let you ride it?,/clips/b11901052/alpha4_c3b.wav,2026-06-05 14:54:51.258312+00,b11901052,alpha,alpha4,c3b
5b19f34e-64ea-4d3f-a7a8-284d00b8d377,r12323023_beta5_c3a,I think it's gonna be really hard.,/clips/r12323023/beta5_c3a.wav,2026-06-05 14:54:51.258312+00,r12323023,beta,beta5,c3a
5bbc3eb9-af36-43e9-8129-72a1e13ca456,b09207084_alpha6_c2,"Hey wait a minute, this one isn't dirty.",/clips/b09207084/alpha6_c2.wav,2026-06-05 14:54:51.258312+00,b09207084,alpha,alpha6,c2
5c34e678-c860-4fa5-9f38-cec815b8a49c,r12323023_gamma5_c2,There's a side of steamed vegetables.,/clips/r12323023/gamma5_c2.wav,2026-06-05 14:54:51.258312+00,r12323023,gamma,gamma5,c2
5c3b555d-d281-4ea4-83bb-9526c507574b,b09207084_gamma4_c3b,Of course it's true and it hurts so bad.,/clips/b09207084/gamma4_c3b.wav,2026-06-05 15:28:45.157671+00,b09207084,gamma,gamma4,c3b
5cddeea3-bee8-4fc6-9f37-a98b6a323bb7,b11901052_beta1_c3b,There's nothing wrong with speaking correctly.,/clips/b11901052/beta1_c3b.wav,2026-06-05 14:54:51.258312+00,b11901052,beta,beta1,c3b
5d0077b8-5fbd-4aaa-85a4-d9fe61556d4c,r12323023_alpha2_c3a,I think I shouldn't look directly at them.,/clips/r12323023/alpha2_c3a.wav,2026-06-05 14:54:51.258312+00,r12323023,alpha,alpha2,c3a
5d36f7a8-cc71-4f37-b960-e80f8de33341,r12323023_beta4_c2,What kind of discount do we get?,/clips/r12323023/beta4_c2.wav,2026-06-05 15:28:45.157671+00,r12323023,beta,beta4,c2
5d399579-4646-4dfe-a05a-f887d96f6eae,r14922009_alpha3_c3a,Half the guys out there have makeup on.,/clips/r14922009/alpha3_c3a.wav,2026-06-05 14:54:51.258312+00,r14922009,alpha,alpha3,c3a
5e0ca1d8-a82f-4706-af22-adeee27860b0,r14922a21_gamma1_c3b,"His first big kid's bike, this is so exciting!",/clips/r14922a21/gamma1_c3b.wav,2026-06-05 14:54:51.258312+00,r14922a21,gamma,gamma1,c3b
5e59c0e3-ccc3-42b5-862b-3da5d02381d2,b09207084_alpha2_c2,I think I shouldn't look directly at them.,/clips/b09207084/alpha2_c2.wav,2026-06-05 14:54:51.258312+00,b09207084,alpha,alpha2,c2
5f10101a-bc35-4251-9700-988868e6c31e,r14922009_beta1_c3a,There's nothing wrong with speaking correctly.,/clips/r14922009/beta1_c3a.wav,2026-06-05 15:28:45.157671+00,r14922009,beta,beta1,c3a
5f171d27-f47d-4513-a4f4-a3bf3d23805c,b09207084_beta5_c3b,I think it's gonna be really hard.,/clips/b09207084/beta5_c3b.wav,2026-06-05 14:54:51.258312+00,b09207084,beta,beta5,c3b
608bbce3-62b3-4091-9514-53ea0b102d70,r14922009_beta4_c3b,What kind of discount do we get?,/clips/r14922009/beta4_c3b.wav,2026-06-05 14:54:51.258312+00,r14922009,beta,beta4,c3b
60cde02b-0807-4275-b157-4ae66da5291a,r14922a21_alpha1_c2,I can't believe this is happening.,/clips/r14922a21/alpha1_c2.wav,2026-06-05 15:28:45.157671+00,r14922a21,alpha,alpha1,c2
612a991d-a57d-448b-b736-adf7cc3896ce,b09207084_beta1_c2,There's nothing wrong with speaking correctly.,/clips/b09207084/beta1_c2.wav,2026-06-05 15:28:45.157671+00,b09207084,beta,beta1,c2
618a6c5a-9e73-48d3-b475-8d50278bd5f4,r14922a21_alpha2_c3a,I think I shouldn't look directly at them.,/clips/r14922a21/alpha2_c3a.wav,2026-06-05 15:28:45.157671+00,r14922a21,alpha,alpha2,c3a
62e6d4c9-cca1-46a3-83c6-1e627288796a,r14922009_gamma5_c3b,There's a side of steamed vegetables.,/clips/r14922009/gamma5_c3b.wav,2026-06-05 14:54:51.258312+00,r14922009,gamma,gamma5,c3b
62f36f44-36d1-42c4-91a6-3952e3f4077f,r14922009_alpha1_c2,I can't believe this is happening.,/clips/r14922009/alpha1_c2.wav,2026-06-05 15:28:45.157671+00,r14922009,alpha,alpha1,c2
6321b58b-70a9-4923-a4ec-dc3a104677b1,b09207084_beta2_c2,Maybe we can put it in the guest bedroom.,/clips/b09207084/beta2_c2.wav,2026-06-05 14:54:51.258312+00,b09207084,beta,beta2,c2
6423717c-0df8-41ca-bd9a-c766e3b01ed7,r12323023_gamma3_c3a,What is the matter with your hand?,/clips/r12323023/gamma3_c3a.wav,2026-06-05 15:28:45.157671+00,r12323023,gamma,gamma3,c3a
6424bd79-ce29-45c7-a8c3-3b6fbb03e92c,r14525071_beta4_c2,What kind of discount do we get?,/clips/r14525071/beta4_c2.wav,2026-06-05 14:54:51.258312+00,r14525071,beta,beta4,c2
6442424f-7988-4faf-a757-e8712d8ea6d3,r14922a21_beta4_c3a,What kind of discount do we get?,/clips/r14922a21/beta4_c3a.wav,2026-06-05 15:28:45.157671+00,r14922a21,beta,beta4,c3a
64c35d9f-9737-4af9-a7ce-fbdd3bcd5bc9,r14525071_beta3_c3b,"Wow, I really get crabby when I cook.",/clips/r14525071/beta3_c3b.wav,2026-06-05 14:54:51.258312+00,r14525071,beta,beta3,c3b
64ebc9a8-86ba-4bba-b830-c81bb52ada62,r12323023_beta1_c3b,There's nothing wrong with speaking correctly.,/clips/r12323023/beta1_c3b.wav,2026-06-05 15:28:45.157671+00,r12323023,beta,beta1,c3b
65126ce4-56d9-4c19-8b01-cd1ad180c76f,b11901052_gamma5_c2,There's a side of steamed vegetables.,/clips/b11901052/gamma5_c2.wav,2026-06-05 15:28:45.157671+00,b11901052,gamma,gamma5,c2
654e1442-5571-494b-8709-206ca5909b8d,b09207084_beta2_c3b,Maybe we can put it in the guest bedroom.,/clips/b09207084/beta2_c3b.wav,2026-06-05 14:54:51.258312+00,b09207084,beta,beta2,c3b
65a0d47f-f783-4fac-96d6-e583f3caf5fa,r14525071_alpha2_c2,I think I shouldn't look directly at them.,/clips/r14525071/alpha2_c2.wav,2026-06-05 14:54:51.258312+00,r14525071,alpha,alpha2,c2
662c7207-7cc8-4dee-956e-9a3ebbb0bd74,r14525071_gamma2_c3b,You really think that is what he meant?,/clips/r14525071/gamma2_c3b.wav,2026-06-05 14:54:51.258312+00,r14525071,gamma,gamma2,c3b
665b8049-66cf-4a61-bde5-965cc11d4c47,r14922009_beta2_c3b,Maybe we can put it in the guest bedroom.,/clips/r14922009/beta2_c3b.wav,2026-06-05 14:54:51.258312+00,r14922009,beta,beta2,c3b
66df8160-4398-4d88-adab-3584e4cb903d,r14922009_gamma4_c2,Of course it's true and it hurts so bad.,/clips/r14922009/gamma4_c2.wav,2026-06-05 14:54:51.258312+00,r14922009,gamma,gamma4,c2
674031c1-f81b-41af-8c16-82e82b1ff8a9,r14922a21_gamma6_c3a,Are you going to eat that bread?,/clips/r14922a21/gamma6_c3a.wav,2026-06-05 15:28:45.157671+00,r14922a21,gamma,gamma6,c3a
675cd1f4-7358-4888-a551-2217436b589f,b09207084_alpha4_c2,Did the girl ever let you ride it?,/clips/b09207084/alpha4_c2.wav,2026-06-05 14:54:51.258312+00,b09207084,alpha,alpha4,c2
67f1e02c-4428-4f08-9e4c-1f0cf7d33e32,b09207084_beta1_c3b,There's nothing wrong with speaking correctly.,/clips/b09207084/beta1_c3b.wav,2026-06-05 15:28:45.157671+00,b09207084,beta,beta1,c3b
67fd783e-aa5e-40cc-8f13-6628b9cfdb56,r12323023_alpha2_c2,I think I shouldn't look directly at them.,/clips/r12323023/alpha2_c2.wav,2026-06-05 14:54:51.258312+00,r12323023,alpha,alpha2,c2
680fd1ed-e0b1-4c92-925e-969e80fa8e7a,r14922009_beta3_c3b,"Wow, I really get crabby when I cook.",/clips/r14922009/beta3_c3b.wav,2026-06-05 15:28:45.157671+00,r14922009,beta,beta3,c3b
685c27a3-9582-4592-9cd5-19a5b89c464a,b09207084_beta4_c3b,What kind of discount do we get?,/clips/b09207084/beta4_c3b.wav,2026-06-05 14:54:51.258312+00,b09207084,beta,beta4,c3b
697a3376-b328-43f0-aacb-b2d5d760b5b9,r12323023_beta6_c3a,I've had a really good time tonight.,/clips/r12323023/beta6_c3a.wav,2026-06-05 14:54:51.258312+00,r12323023,beta,beta6,c3a
6981fea5-e686-4fb3-9b5a-0d480147b030,r14922009_beta6_c3a,I've had a really good time tonight.,/clips/r14922009/beta6_c3a.wav,2026-06-05 15:28:45.157671+00,r14922009,beta,beta6,c3a
69b2ed33-e388-4c6b-ba40-af2d9ab3ce0a,r14525071_beta1_c3b,There's nothing wrong with speaking correctly.,/clips/r14525071/beta1_c3b.wav,2026-06-05 14:54:51.258312+00,r14525071,beta,beta1,c3b
6c444ac7-8b88-4235-9f2a-f9dd103f5012,r12323023_beta2_c3b,Maybe we can put it in the guest bedroom.,/clips/r12323023/beta2_c3b.wav,2026-06-05 14:54:51.258312+00,r12323023,beta,beta2,c3b
6cc29ee8-dd00-4ba6-9930-8ee5e48506d5,b11901052_alpha1_c3a,I can't believe this is happening.,/clips/b11901052/alpha1_c3a.wav,2026-06-05 14:54:51.258312+00,b11901052,alpha,alpha1,c3a
6d7daa29-ae04-4a15-8dc9-83b0b148b9f5,r12323023_alpha5_c3a,I never had a bike of my own.,/clips/r12323023/alpha5_c3a.wav,2026-06-05 14:54:51.258312+00,r12323023,alpha,alpha5,c3a
6e811d6c-0033-4bd2-b993-00ec9e387079,r14922a21_beta5_c2,I think it's gonna be really hard.,/clips/r14922a21/beta5_c2.wav,2026-06-05 15:28:45.157671+00,r14922a21,beta,beta5,c2
6effa839-9e2a-4689-931f-7b98ff0de68d,r12323023_gamma6_c3a,Are you going to eat that bread?,/clips/r12323023/gamma6_c3a.wav,2026-06-05 15:28:45.157671+00,r12323023,gamma,gamma6,c3a
6f41fa5e-21a9-4919-bad6-17eddc5d4931,r14525071_beta3_c2,"Wow, I really get crabby when I cook.",/clips/r14525071/beta3_c2.wav,2026-06-05 15:28:45.157671+00,r14525071,beta,beta3,c2
6fa764a8-10da-4a58-960e-ee00473482d5,r12323023_beta4_c3a,What kind of discount do we get?,/clips/r12323023/beta4_c3a.wav,2026-06-05 14:54:51.258312+00,r12323023,beta,beta4,c3a
7023e436-fd4c-4cbd-97aa-7ac707747dc5,r14922009_alpha5_c3a,I never had a bike of my own.,/clips/r14922009/alpha5_c3a.wav,2026-06-05 14:54:51.258312+00,r14922009,alpha,alpha5,c3a
703397de-ac17-4fc0-aa76-f897b56c33a0,r14922a21_beta1_c2,There's nothing wrong with speaking correctly.,/clips/r14922a21/beta1_c2.wav,2026-06-05 15:28:45.157671+00,r14922a21,beta,beta1,c2
709b04bb-b1f4-4ff3-8c56-347134d808ba,r14525071_alpha4_c2,Did the girl ever let you ride it?,/clips/r14525071/alpha4_c2.wav,2026-06-05 14:54:51.258312+00,r14525071,alpha,alpha4,c2
7281e0e3-c6d2-4f87-8b86-855b6b6eef0a,r14922a21_beta3_c3b,"Wow, I really get crabby when I cook.",/clips/r14922a21/beta3_c3b.wav,2026-06-05 14:54:51.258312+00,r14922a21,beta,beta3,c3b
74f5fe32-77a2-4ad4-8256-a3555edb8f63,b09207084_alpha3_c3a,Half the guys out there have makeup on.,/clips/b09207084/alpha3_c3a.wav,2026-06-05 15:28:45.157671+00,b09207084,alpha,alpha3,c3a
75ec4e5d-7fef-43c0-a6dd-2ebc86c31ad7,r12323023_gamma1_c3b,"His first big kid's bike, this is so exciting!",/clips/r12323023/gamma1_c3b.wav,2026-06-05 14:54:51.258312+00,r12323023,gamma,gamma1,c3b
76dafdb2-3e98-4b84-a622-c84fee9fdcec,r14525071_beta1_c3a,There's nothing wrong with speaking correctly.,/clips/r14525071/beta1_c3a.wav,2026-06-05 14:54:51.258312+00,r14525071,beta,beta1,c3a
76f35bd6-f5aa-420f-8c6e-4f260200c2b9,r14525071_beta6_c2,I've had a really good time tonight.,/clips/r14525071/beta6_c2.wav,2026-06-05 15:28:45.157671+00,r14525071,beta,beta6,c2
77d77d7e-aec9-4dd0-b5a9-c577c6b3b1d6,r12323023_alpha1_c2,I can't believe this is happening.,/clips/r12323023/alpha1_c2.wav,2026-06-05 14:54:51.258312+00,r12323023,alpha,alpha1,c2
787eec06-28bc-4985-9d63-39f3b7e2ea62,r14922009_beta5_c3b,I think it's gonna be really hard.,/clips/r14922009/beta5_c3b.wav,2026-06-05 14:54:51.258312+00,r14922009,beta,beta5,c3b
794dbd30-87ba-429c-8335-2fe07b266986,b11901052_alpha2_c2,I think I shouldn't look directly at them.,/clips/b11901052/alpha2_c2.wav,2026-06-05 14:54:51.258312+00,b11901052,alpha,alpha2,c2
795aa0eb-c3c0-4115-b043-f865b202019e,b11901052_gamma4_c3a,Of course it's true and it hurts so bad.,/clips/b11901052/gamma4_c3a.wav,2026-06-05 14:54:51.258312+00,b11901052,gamma,gamma4,c3a
7babc447-b7b9-404c-b691-42d59b84d2c7,b11901052_gamma3_c3a,What is the matter with your hand?,/clips/b11901052/gamma3_c3a.wav,2026-06-05 14:54:51.258312+00,b11901052,gamma,gamma3,c3a
7d3fecba-b701-4aeb-bbbb-d2a9ad3a10ef,r14922a21_alpha3_c3b,Half the guys out there have makeup on.,/clips/r14922a21/alpha3_c3b.wav,2026-06-05 14:54:51.258312+00,r14922a21,alpha,alpha3,c3b
7de0f8f5-42c1-49ba-8e97-3ac80503763c,r12323023_beta3_c3b,"Wow, I really get crabby when I cook.",/clips/r12323023/beta3_c3b.wav,2026-06-05 14:54:51.258312+00,r12323023,beta,beta3,c3b
7e911251-b77f-42c7-9790-b6d3d159cd1a,r14525071_beta3_c3a,"Wow, I really get crabby when I cook.",/clips/r14525071/beta3_c3a.wav,2026-06-05 14:54:51.258312+00,r14525071,beta,beta3,c3a
7f4fe70a-6960-4aa2-9c95-f5be3e312f31,r14922a21_beta4_c2,What kind of discount do we get?,/clips/r14922a21/beta4_c2.wav,2026-06-05 14:54:51.258312+00,r14922a21,beta,beta4,c2
7f57ccc5-3c45-47b0-b5cc-4c7ffb4821a2,r14525071_beta5_c2,I think it's gonna be really hard.,/clips/r14525071/beta5_c2.wav,2026-06-05 14:54:51.258312+00,r14525071,beta,beta5,c2
7fc8442a-a422-4df2-9f7c-0184782681ef,r12323023_gamma5_c3b,There's a side of steamed vegetables.,/clips/r12323023/gamma5_c3b.wav,2026-06-05 14:54:51.258312+00,r12323023,gamma,gamma5,c3b
80792ed4-9217-4c19-9679-8cd43e361f35,b11901052_gamma3_c2,What is the matter with your hand?,/clips/b11901052/gamma3_c2.wav,2026-06-05 14:54:51.258312+00,b11901052,gamma,gamma3,c2
810b5ceb-0104-4591-a72d-5a23bec4ed9e,r14525071_gamma2_c3a,You really think that is what he meant?,/clips/r14525071/gamma2_c3a.wav,2026-06-05 14:54:51.258312+00,r14525071,gamma,gamma2,c3a
811ab44c-90b3-4520-8579-d53712effc13,r12323023_alpha4_c2,Did the girl ever let you ride it?,/clips/r12323023/alpha4_c2.wav,2026-06-05 14:54:51.258312+00,r12323023,alpha,alpha4,c2
81d453b9-3012-41af-8408-2df4d124b8ad,b09207084_gamma5_c3b,There's a side of steamed vegetables.,/clips/b09207084/gamma5_c3b.wav,2026-06-05 14:54:51.258312+00,b09207084,gamma,gamma5,c3b
82309559-b270-41b3-8804-07931878d916,r14922a21_gamma3_c3a,What is the matter with your hand?,/clips/r14922a21/gamma3_c3a.wav,2026-06-05 14:54:51.258312+00,r14922a21,gamma,gamma3,c3a
825b32fe-19a7-484a-9279-78189a0a42ae,r14922009_gamma1_c2,"His first big kid's bike, this is so exciting!",/clips/r14922009/gamma1_c2.wav,2026-06-05 14:54:51.258312+00,r14922009,gamma,gamma1,c2
830534ac-8e26-41a8-97ec-71122a7ad4af,r14525071_beta6_c3b,I've had a really good time tonight.,/clips/r14525071/beta6_c3b.wav,2026-06-05 14:54:51.258312+00,r14525071,beta,beta6,c3b
83542e49-3c86-46e9-896f-76c0a29fe35b,r14922a21_gamma4_c2,Of course it's true and it hurts so bad.,/clips/r14922a21/gamma4_c2.wav,2026-06-05 14:54:51.258312+00,r14922a21,gamma,gamma4,c2
83dd56cb-74e3-4b39-8f65-90bd78c26331,b11901052_alpha3_c2,Half the guys out there have makeup on.,/clips/b11901052/alpha3_c2.wav,2026-06-05 14:54:51.258312+00,b11901052,alpha,alpha3,c2
84bc2f6f-6895-4327-92cf-21a4517b5aba,b11901052_alpha3_c3a,Half the guys out there have makeup on.,/clips/b11901052/alpha3_c3a.wav,2026-06-05 14:54:51.258312+00,b11901052,alpha,alpha3,c3a
85278d07-7ebf-40f4-8e8c-432049049eeb,b09207084_gamma6_c3a,Are you going to eat that bread?,/clips/b09207084/gamma6_c3a.wav,2026-06-05 14:54:51.258312+00,b09207084,gamma,gamma6,c3a
852f7904-53d9-4811-9a74-6a63aee3ea5c,b09207084_alpha4_c3b,Did the girl ever let you ride it?,/clips/b09207084/alpha4_c3b.wav,2026-06-05 14:54:51.258312+00,b09207084,alpha,alpha4,c3b
87c72cdf-0c5a-4cb8-9235-bdc3fa61916c,b11901052_alpha6_c3a,"Hey wait a minute, this one isn't dirty.",/clips/b11901052/alpha6_c3a.wav,2026-06-05 14:54:51.258312+00,b11901052,alpha,alpha6,c3a
890f9916-c7b1-49fa-944e-d097278edf50,r14525071_gamma1_c3b,"His first big kid's bike, this is so exciting!",/clips/r14525071/gamma1_c3b.wav,2026-06-05 14:54:51.258312+00,r14525071,gamma,gamma1,c3b
8918ee62-ecca-4a20-a272-3dec818238e8,r14922009_alpha5_c2,I never had a bike of my own.,/clips/r14922009/alpha5_c2.wav,2026-06-05 14:54:51.258312+00,r14922009,alpha,alpha5,c2
891c3e30-c1dc-4b6e-aad0-25ec9b160e79,r12323023_beta6_c3b,I've had a really good time tonight.,/clips/r12323023/beta6_c3b.wav,2026-06-05 14:54:51.258312+00,r12323023,beta,beta6,c3b
89d27ae2-986b-4278-a97b-6411e4ea7058,r14525071_gamma6_c3b,Are you going to eat that bread?,/clips/r14525071/gamma6_c3b.wav,2026-06-05 14:54:51.258312+00,r14525071,gamma,gamma6,c3b
8a0dbd8e-3190-42ce-8778-62a08dc93dee,b09207084_gamma2_c3a,You really think that is what he meant?,/clips/b09207084/gamma2_c3a.wav,2026-06-05 14:54:51.258312+00,b09207084,gamma,gamma2,c3a
8a6babc2-eb63-43d5-9eda-f24bd9ab850b,r12323023_alpha2_c3b,I think I shouldn't look directly at them.,/clips/r12323023/alpha2_c3b.wav,2026-06-05 14:54:51.258312+00,r12323023,alpha,alpha2,c3b
8ab85977-5975-48c8-9270-86541896953c,r12323023_beta6_c2,I've had a really good time tonight.,/clips/r12323023/beta6_c2.wav,2026-06-05 14:54:51.258312+00,r12323023,beta,beta6,c2
8b727090-781e-48cd-8f41-61f294f2c7da,b09207084_gamma6_c2,Are you going to eat that bread?,/clips/b09207084/gamma6_c2.wav,2026-06-05 14:54:51.258312+00,b09207084,gamma,gamma6,c2
8b96d125-7feb-4a5f-a5c7-628b4714c6e6,r12323023_alpha5_c2,I never had a bike of my own.,/clips/r12323023/alpha5_c2.wav,2026-06-05 14:54:51.258312+00,r12323023,alpha,alpha5,c2
8c4ac392-2466-47cd-a6a5-46924afe6347,b09207084_alpha5_c2,I never had a bike of my own.,/clips/b09207084/alpha5_c2.wav,2026-06-05 14:54:51.258312+00,b09207084,alpha,alpha5,c2
8c4d1dbd-a582-465e-9ecc-703a0e3160a7,b11901052_gamma5_c3a,There's a side of steamed vegetables.,/clips/b11901052/gamma5_c3a.wav,2026-06-05 15:28:45.157671+00,b11901052,gamma,gamma5,c3a
8cde957d-6ebc-452a-a4f4-de45ad42618e,b09207084_beta3_c3a,"Wow, I really get crabby when I cook.",/clips/b09207084/beta3_c3a.wav,2026-06-05 14:54:51.258312+00,b09207084,beta,beta3,c3a
8ce45113-b4c0-403c-9057-5369e8f4df28,r14922a21_beta2_c3b,Maybe we can put it in the guest bedroom.,/clips/r14922a21/beta2_c3b.wav,2026-06-05 14:54:51.258312+00,r14922a21,beta,beta2,c3b
8d6070d3-0381-487e-97ae-d8dee8aa04d1,b11901052_gamma6_c2,Are you going to eat that bread?,/clips/b11901052/gamma6_c2.wav,2026-06-05 14:54:51.258312+00,b11901052,gamma,gamma6,c2
8d7681a3-85f5-4c2c-b0f6-02fdf41121ac,r14525071_gamma5_c3a,There's a side of steamed vegetables.,/clips/r14525071/gamma5_c3a.wav,2026-06-05 14:54:51.258312+00,r14525071,gamma,gamma5,c3a
8dfd1420-054b-4059-8c54-70777d9fe76e,r14922009_beta6_c2,I've had a really good time tonight.,/clips/r14922009/beta6_c2.wav,2026-06-05 14:54:51.258312+00,r14922009,beta,beta6,c2
8e491936-9b30-450c-a218-18d3230c6fa2,r14525071_beta2_c3a,Maybe we can put it in the guest bedroom.,/clips/r14525071/beta2_c3a.wav,2026-06-05 15:28:45.157671+00,r14525071,beta,beta2,c3a
8f28f888-b69a-4d85-a080-2f37174ef399,r14922009_gamma5_c2,There's a side of steamed vegetables.,/clips/r14922009/gamma5_c2.wav,2026-06-05 14:54:51.258312+00,r14922009,gamma,gamma5,c2
8feb7ae1-4b3a-470b-8419-9bfb162a1c72,b09207084_alpha6_c3b,"Hey wait a minute, this one isn't dirty.",/clips/b09207084/alpha6_c3b.wav,2026-06-05 15:28:45.157671+00,b09207084,alpha,alpha6,c3b
9016a4d3-7a21-4e44-9409-10a8842b11f2,r14922a21_alpha5_c3a,I never had a bike of my own.,/clips/r14922a21/alpha5_c3a.wav,2026-06-05 14:54:51.258312+00,r14922a21,alpha,alpha5,c3a
904b15ee-a175-4f22-9e69-f69707e6eda0,r14525071_gamma4_c2,Of course it's true and it hurts so bad.,/clips/r14525071/gamma4_c2.wav,2026-06-05 14:54:51.258312+00,r14525071,gamma,gamma4,c2
90b374e2-0729-433a-95db-0366193f265b,b11901052_gamma2_c3a,You really think that is what he meant?,/clips/b11901052/gamma2_c3a.wav,2026-06-05 14:54:51.258312+00,b11901052,gamma,gamma2,c3a
91438a90-9d88-427a-a6de-76ff3ad1ae13,r14525071_alpha5_c2,I never had a bike of my own.,/clips/r14525071/alpha5_c2.wav,2026-06-05 14:54:51.258312+00,r14525071,alpha,alpha5,c2
91513f2e-db0a-46c9-8adb-5df8efddaa1a,b09207084_alpha1_c3b,I can't believe this is happening.,/clips/b09207084/alpha1_c3b.wav,2026-06-05 14:54:51.258312+00,b09207084,alpha,alpha1,c3b
91b511db-5de5-4ff7-b354-05667409956c,r14525071_alpha3_c3b,Half the guys out there have makeup on.,/clips/r14525071/alpha3_c3b.wav,2026-06-05 15:28:45.157671+00,r14525071,alpha,alpha3,c3b
92003890-d1bb-4518-ab9a-24e07e19696c,b11901052_alpha5_c3a,I never had a bike of my own.,/clips/b11901052/alpha5_c3a.wav,2026-06-05 14:54:51.258312+00,b11901052,alpha,alpha5,c3a
9264ad95-292c-459e-a9ca-6ea817b68524,b11901052_beta6_c2,I've had a really good time tonight.,/clips/b11901052/beta6_c2.wav,2026-06-05 14:54:51.258312+00,b11901052,beta,beta6,c2
928cc09d-e90b-4eb4-a4d2-b222c7d2219f,r14922a21_beta5_c3a,I think it's gonna be really hard.,/clips/r14922a21/beta5_c3a.wav,2026-06-05 15:28:45.157671+00,r14922a21,beta,beta5,c3a
92c4d7e9-a99e-4de3-9ada-601956a0a707,r14922a21_alpha3_c3a,Half the guys out there have makeup on.,/clips/r14922a21/alpha3_c3a.wav,2026-06-05 14:54:51.258312+00,r14922a21,alpha,alpha3,c3a
933295f0-0557-4e3c-af9c-ec29281c964d,b11901052_beta2_c3a,Maybe we can put it in the guest bedroom.,/clips/b11901052/beta2_c3a.wav,2026-06-05 14:54:51.258312+00,b11901052,beta,beta2,c3a
93795e28-8d99-4a13-825a-fec189d35d98,b11901052_alpha4_c2,Did the girl ever let you ride it?,/clips/b11901052/alpha4_c2.wav,2026-06-05 15:28:45.157671+00,b11901052,alpha,alpha4,c2
9389048f-3c8f-4699-8429-dee07a49788b,r14922a21_beta6_c2,I've had a really good time tonight.,/clips/r14922a21/beta6_c2.wav,2026-06-05 14:54:51.258312+00,r14922a21,beta,beta6,c2
96300335-e8c6-4642-94b7-191955751281,r12323023_alpha6_c3a,"Hey wait a minute, this one isn't dirty.",/clips/r12323023/alpha6_c3a.wav,2026-06-05 15:28:45.157671+00,r12323023,alpha,alpha6,c3a
9643d53d-6e36-409e-8788-f2f3692f9a1a,r14525071_alpha5_c3b,I never had a bike of my own.,/clips/r14525071/alpha5_c3b.wav,2026-06-05 14:54:51.258312+00,r14525071,alpha,alpha5,c3b
96d957b2-2b42-42b6-a9f1-dc9a87564014,r14922009_beta5_c3a,I think it's gonna be really hard.,/clips/r14922009/beta5_c3a.wav,2026-06-05 14:54:51.258312+00,r14922009,beta,beta5,c3a
9700465c-4ccd-4e18-9543-ecce858e7d88,r12323023_gamma6_c2,Are you going to eat that bread?,/clips/r12323023/gamma6_c2.wav,2026-06-05 14:54:51.258312+00,r12323023,gamma,gamma6,c2
97190e32-d456-4183-bdc9-d13d2b11e7a1,r14922a21_beta2_c2,Maybe we can put it in the guest bedroom.,/clips/r14922a21/beta2_c2.wav,2026-06-05 14:54:51.258312+00,r14922a21,beta,beta2,c2
98265ecf-d60b-4bbc-b61d-dd9b8e448f45,r14922a21_gamma1_c2,"His first big kid's bike, this is so exciting!",/clips/r14922a21/gamma1_c2.wav,2026-06-05 14:54:51.258312+00,r14922a21,gamma,gamma1,c2
98b1aeb0-8e59-455f-a950-bd385ea1db09,r14922a21_gamma2_c2,You really think that is what he meant?,/clips/r14922a21/gamma2_c2.wav,2026-06-05 14:54:51.258312+00,r14922a21,gamma,gamma2,c2
98d76109-5598-44e3-be74-d8bf33fb0b44,r14922009_alpha4_c2,Did the girl ever let you ride it?,/clips/r14922009/alpha4_c2.wav,2026-06-05 14:54:51.258312+00,r14922009,alpha,alpha4,c2
991dcc3a-a9a8-449a-962c-541787ec2fff,r14525071_gamma6_c3a,Are you going to eat that bread?,/clips/r14525071/gamma6_c3a.wav,2026-06-05 14:54:51.258312+00,r14525071,gamma,gamma6,c3a
996d5c6f-cecd-4551-ab8c-9d40aa4ae046,r14922a21_alpha4_c3b,Did the girl ever let you ride it?,/clips/r14922a21/alpha4_c3b.wav,2026-06-05 15:28:45.157671+00,r14922a21,alpha,alpha4,c3b
9a239a29-ec79-4401-b42f-78dec678bd71,b11901052_beta4_c3b,What kind of discount do we get?,/clips/b11901052/beta4_c3b.wav,2026-06-05 14:54:51.258312+00,b11901052,beta,beta4,c3b
9a35af0b-89da-4a0c-ae87-620ef62d49d2,r12323023_gamma4_c3b,Of course it's true and it hurts so bad.,/clips/r12323023/gamma4_c3b.wav,2026-06-05 14:54:51.258312+00,r12323023,gamma,gamma4,c3b
9b07476a-ee9b-4898-aac1-f94e66ea9ba8,b11901052_beta5_c3a,I think it's gonna be really hard.,/clips/b11901052/beta5_c3a.wav,2026-06-05 15:28:45.157671+00,b11901052,beta,beta5,c3a
9b862808-6afd-4359-9c7b-ac1078001400,b09207084_gamma1_c3b,"His first big kid's bike, this is so exciting!",/clips/b09207084/gamma1_c3b.wav,2026-06-05 14:54:51.258312+00,b09207084,gamma,gamma1,c3b
9c2942b8-d5d5-48e0-8dbe-fc8755085fa2,r14922a21_gamma5_c3b,There's a side of steamed vegetables.,/clips/r14922a21/gamma5_c3b.wav,2026-06-05 14:54:51.258312+00,r14922a21,gamma,gamma5,c3b
9cce0f89-ede7-4785-a7a5-174e1e508611,r14922a21_gamma6_c3b,Are you going to eat that bread?,/clips/r14922a21/gamma6_c3b.wav,2026-06-05 15:28:45.157671+00,r14922a21,gamma,gamma6,c3b
9cf83e3b-93b8-4942-9afc-2594bd40d876,b09207084_beta3_c2,"Wow, I really get crabby when I cook.",/clips/b09207084/beta3_c2.wav,2026-06-05 14:54:51.258312+00,b09207084,beta,beta3,c2
9dade924-da4d-4010-b42f-8d96f96b1411,b09207084_beta5_c2,I think it's gonna be really hard.,/clips/b09207084/beta5_c2.wav,2026-06-05 14:54:51.258312+00,b09207084,beta,beta5,c2
9dcfc685-28df-44f9-a84e-60f696870682,r14525071_gamma4_c3a,Of course it's true and it hurts so bad.,/clips/r14525071/gamma4_c3a.wav,2026-06-05 14:54:51.258312+00,r14525071,gamma,gamma4,c3a
9eda730b-deaa-4308-8ab0-2c0942e89ec0,b09207084_gamma6_c3b,Are you going to eat that bread?,/clips/b09207084/gamma6_c3b.wav,2026-06-05 14:54:51.258312+00,b09207084,gamma,gamma6,c3b
9f585178-9714-485d-a71d-4409744f4038,r14525071_alpha1_c3b,I can't believe this is happening.,/clips/r14525071/alpha1_c3b.wav,2026-06-05 14:54:51.258312+00,r14525071,alpha,alpha1,c3b
9f7a5417-7c2b-4849-825f-05f11c9d91bf,r14922009_gamma4_c3b,Of course it's true and it hurts so bad.,/clips/r14922009/gamma4_c3b.wav,2026-06-05 14:54:51.258312+00,r14922009,gamma,gamma4,c3b
9fae8763-a647-4553-ba29-bc155db7c163,b11901052_gamma6_c3b,Are you going to eat that bread?,/clips/b11901052/gamma6_c3b.wav,2026-06-05 14:54:51.258312+00,b11901052,gamma,gamma6,c3b
9fe401cb-14b4-407b-a827-f63c7afb1ac0,r12323023_gamma3_c3b,What is the matter with your hand?,/clips/r12323023/gamma3_c3b.wav,2026-06-05 14:54:51.258312+00,r12323023,gamma,gamma3,c3b
a174ec0b-24e0-4226-a059-3e1f02a25f24,r14525071_gamma3_c2,What is the matter with your hand?,/clips/r14525071/gamma3_c2.wav,2026-06-05 14:54:51.258312+00,r14525071,gamma,gamma3,c2
a212a9e4-6d4d-4c0f-b084-abb13260ab4a,r14525071_alpha4_c3a,Did the girl ever let you ride it?,/clips/r14525071/alpha4_c3a.wav,2026-06-05 14:54:51.258312+00,r14525071,alpha,alpha4,c3a
a2187869-8122-4b47-9b60-5b67b6a29d92,b09207084_gamma5_c3a,There's a side of steamed vegetables.,/clips/b09207084/gamma5_c3a.wav,2026-06-05 14:54:51.258312+00,b09207084,gamma,gamma5,c3a
a25b9c8b-0fe3-42f6-a6e1-3e555f4337ed,r14525071_beta5_c3a,I think it's gonna be really hard.,/clips/r14525071/beta5_c3a.wav,2026-06-05 15:28:45.157671+00,r14525071,beta,beta5,c3a
a462c6f0-c769-4704-8e5b-4102528c8b11,r12323023_alpha5_c3b,I never had a bike of my own.,/clips/r12323023/alpha5_c3b.wav,2026-06-05 14:54:51.258312+00,r12323023,alpha,alpha5,c3b
a46b2e37-97d1-4789-bc0d-57867f4fabe0,b11901052_gamma6_c3a,Are you going to eat that bread?,/clips/b11901052/gamma6_c3a.wav,2026-06-05 15:28:45.157671+00,b11901052,gamma,gamma6,c3a
a56de868-966e-431e-9328-f3dd20c64e50,r14922a21_beta2_c3a,Maybe we can put it in the guest bedroom.,/clips/r14922a21/beta2_c3a.wav,2026-06-05 14:54:51.258312+00,r14922a21,beta,beta2,c3a
a71c8e4a-37ef-4a2a-8811-1563a9e28b27,r14525071_alpha2_c3a,I think I shouldn't look directly at them.,/clips/r14525071/alpha2_c3a.wav,2026-06-05 14:54:51.258312+00,r14525071,alpha,alpha2,c3a
a72a894c-bbac-441d-9f34-f5af7bbf125c,b11901052_beta2_c3b,Maybe we can put it in the guest bedroom.,/clips/b11901052/beta2_c3b.wav,2026-06-05 15:28:45.157671+00,b11901052,beta,beta2,c3b
a78a2d5f-33f2-4802-9217-cf10d54c7e8d,r14525071_beta5_c3b,I think it's gonna be really hard.,/clips/r14525071/beta5_c3b.wav,2026-06-05 14:54:51.258312+00,r14525071,beta,beta5,c3b
a7bd0359-9fcc-40b7-9ab0-dc3b11cb0d32,b09207084_alpha4_c3a,Did the girl ever let you ride it?,/clips/b09207084/alpha4_c3a.wav,2026-06-05 15:28:45.157671+00,b09207084,alpha,alpha4,c3a
a7cfd365-a97d-4b46-912b-ffe1e7e08b5f,r14922a21_gamma4_c3b,Of course it's true and it hurts so bad.,/clips/r14922a21/gamma4_c3b.wav,2026-06-05 14:54:51.258312+00,r14922a21,gamma,gamma4,c3b
a829b216-6a6e-42b1-a3b2-07daf399a5e6,r14922a21_beta3_c2,"Wow, I really get crabby when I cook.",/clips/r14922a21/beta3_c2.wav,2026-06-05 14:54:51.258312+00,r14922a21,beta,beta3,c2
a8511f0d-3a09-4f58-851a-bc2cd4a6931e,r14922a21_beta1_c3a,There's nothing wrong with speaking correctly.,/clips/r14922a21/beta1_c3a.wav,2026-06-05 14:54:51.258312+00,r14922a21,beta,beta1,c3a
a8b79a1d-5faf-4518-953a-51bbe66c51dd,b09207084_gamma2_c2,You really think that is what he meant?,/clips/b09207084/gamma2_c2.wav,2026-06-05 14:54:51.258312+00,b09207084,gamma,gamma2,c2
a9879424-e129-4428-b98d-a4ded13c5f37,r14525071_gamma4_c3b,Of course it's true and it hurts so bad.,/clips/r14525071/gamma4_c3b.wav,2026-06-05 14:54:51.258312+00,r14525071,gamma,gamma4,c3b
a9be2c88-ae59-4ec9-bb3d-09cfdfd141e8,r14922009_alpha1_c3a,I can't believe this is happening.,/clips/r14922009/alpha1_c3a.wav,2026-06-05 14:54:51.258312+00,r14922009,alpha,alpha1,c3a
a9bf2624-1a8b-4f9b-91d6-073b67283239,r14922a21_gamma2_c3b,You really think that is what he meant?,/clips/r14922a21/gamma2_c3b.wav,2026-06-05 14:54:51.258312+00,r14922a21,gamma,gamma2,c3b
aa0052fb-6096-4c6c-9a8b-d2eba7b0f53d,r14922009_beta2_c3a,Maybe we can put it in the guest bedroom.,/clips/r14922009/beta2_c3a.wav,2026-06-05 14:54:51.258312+00,r14922009,beta,beta2,c3a
aaf86564-797f-4ba9-8a67-077e2a6a4911,r14922009_gamma6_c2,Are you going to eat that bread?,/clips/r14922009/gamma6_c2.wav,2026-06-05 15:28:45.157671+00,r14922009,gamma,gamma6,c2
acbe9c10-ccff-493f-aa7c-4b60f2314531,r12323023_alpha4_c3b,Did the girl ever let you ride it?,/clips/r12323023/alpha4_c3b.wav,2026-06-05 14:54:51.258312+00,r12323023,alpha,alpha4,c3b
ad3ad239-cc1e-4d42-924a-60f47206d1aa,r12323023_gamma1_c3a,"His first big kid's bike, this is so exciting!",/clips/r12323023/gamma1_c3a.wav,2026-06-05 14:54:51.258312+00,r12323023,gamma,gamma1,c3a
ae2b456f-ea03-4abe-af5f-dcf067aa8b3e,b09207084_gamma1_c2,"His first big kid's bike, this is so exciting!",/clips/b09207084/gamma1_c2.wav,2026-06-05 15:28:45.157671+00,b09207084,gamma,gamma1,c2
afd20ede-be32-40b7-80ac-019afcbee78e,b09207084_gamma3_c3a,What is the matter with your hand?,/clips/b09207084/gamma3_c3a.wav,2026-06-05 14:54:51.258312+00,b09207084,gamma,gamma3,c3a
b05a22e7-beb2-4e3c-a244-e69c3394bab4,r12323023_alpha4_c3a,Did the girl ever let you ride it?,/clips/r12323023/alpha4_c3a.wav,2026-06-05 14:54:51.258312+00,r12323023,alpha,alpha4,c3a
b1f620e4-f5e5-438f-bce7-d85e88f5d631,r14922009_gamma2_c2,You really think that is what he meant?,/clips/r14922009/gamma2_c2.wav,2026-06-05 14:54:51.258312+00,r14922009,gamma,gamma2,c2
b2685b5b-6962-4e5a-8edd-f3fded3dfe05,r14922a21_beta5_c3b,I think it's gonna be really hard.,/clips/r14922a21/beta5_c3b.wav,2026-06-05 15:28:45.157671+00,r14922a21,beta,beta5,c3b
b3296841-e16f-4228-95e2-c6432ee513c9,b11901052_alpha5_c2,I never had a bike of my own.,/clips/b11901052/alpha5_c2.wav,2026-06-05 14:54:51.258312+00,b11901052,alpha,alpha5,c2
b453159d-841f-43dc-b122-f9b06781df8f,r14922009_gamma4_c3a,Of course it's true and it hurts so bad.,/clips/r14922009/gamma4_c3a.wav,2026-06-05 14:54:51.258312+00,r14922009,gamma,gamma4,c3a
b4c5cd43-d612-4fc4-befa-09d08d5dd94d,r14922009_beta3_c2,"Wow, I really get crabby when I cook.",/clips/r14922009/beta3_c2.wav,2026-06-05 14:54:51.258312+00,r14922009,beta,beta3,c2
b4eeec4e-3551-4c03-9d09-0f48f3d95748,r14922a21_alpha6_c3b,"Hey wait a minute, this one isn't dirty.",/clips/r14922a21/alpha6_c3b.wav,2026-06-05 14:54:51.258312+00,r14922a21,alpha,alpha6,c3b
b53cc3e2-1549-4ee4-b101-ef9bd74a8bf7,b11901052_gamma1_c3a,"His first big kid's bike, this is so exciting!",/clips/b11901052/gamma1_c3a.wav,2026-06-05 14:54:51.258312+00,b11901052,gamma,gamma1,c3a
b54cbf74-1330-4a80-a070-188afcd6215b,r14525071_gamma1_c2,"His first big kid's bike, this is so exciting!",/clips/r14525071/gamma1_c2.wav,2026-06-05 14:54:51.258312+00,r14525071,gamma,gamma1,c2
b5bb3d37-fbee-4c6b-b242-3890b00cdaca,r12323023_alpha6_c2,"Hey wait a minute, this one isn't dirty.",/clips/r12323023/alpha6_c2.wav,2026-06-05 14:54:51.258312+00,r12323023,alpha,alpha6,c2
b605376a-3ca8-475f-9ee7-ab19d4d223b3,r14922009_beta1_c2,There's nothing wrong with speaking correctly.,/clips/r14922009/beta1_c2.wav,2026-06-05 14:54:51.258312+00,r14922009,beta,beta1,c2
b637b4e2-81ca-4ec0-bfb1-29bb2e6d4d16,b09207084_gamma3_c2,What is the matter with your hand?,/clips/b09207084/gamma3_c2.wav,2026-06-05 14:54:51.258312+00,b09207084,gamma,gamma3,c2
b715734d-5f81-4a9a-8bb1-ec9b1b910aa2,b09207084_beta5_c3a,I think it's gonna be really hard.,/clips/b09207084/beta5_c3a.wav,2026-06-05 14:54:51.258312+00,b09207084,beta,beta5,c3a
b73ec0d0-05db-4160-abf6-63be6dd282eb,b09207084_gamma2_c3b,You really think that is what he meant?,/clips/b09207084/gamma2_c3b.wav,2026-06-05 14:54:51.258312+00,b09207084,gamma,gamma2,c3b
b7c1f4cb-9330-4d8a-82f3-b83097b469de,r14922a21_gamma2_c3a,You really think that is what he meant?,/clips/r14922a21/gamma2_c3a.wav,2026-06-05 15:28:45.157671+00,r14922a21,gamma,gamma2,c3a
b85e8e9f-a00a-499e-96dd-8293e2e91e9e,r12323023_beta3_c2,"Wow, I really get crabby when I cook.",/clips/r12323023/beta3_c2.wav,2026-06-05 14:54:51.258312+00,r12323023,beta,beta3,c2
b900a4e8-1b2c-4a6f-b65f-8c2f4395d9b5,b11901052_alpha2_c3b,I think I shouldn't look directly at them.,/clips/b11901052/alpha2_c3b.wav,2026-06-05 14:54:51.258312+00,b11901052,alpha,alpha2,c3b
b9c7267e-0407-4fb6-9f5c-7316a675a904,b11901052_beta5_c3b,I think it's gonna be really hard.,/clips/b11901052/beta5_c3b.wav,2026-06-05 14:54:51.258312+00,b11901052,beta,beta5,c3b
b9e10e87-93fa-451e-9303-e86ba433a58e,r14525071_alpha6_c2,"Hey wait a minute, this one isn't dirty.",/clips/r14525071/alpha6_c2.wav,2026-06-05 14:54:51.258312+00,r14525071,alpha,alpha6,c2
b9edc563-472e-4439-a903-15a215301a0a,r14922a21_beta6_c3a,I've had a really good time tonight.,/clips/r14922a21/beta6_c3a.wav,2026-06-05 15:28:45.157671+00,r14922a21,beta,beta6,c3a
bbac1fc3-600a-4f1c-b040-4e82d1e97710,r14922009_alpha2_c3b,I think I shouldn't look directly at them.,/clips/r14922009/alpha2_c3b.wav,2026-06-05 14:54:51.258312+00,r14922009,alpha,alpha2,c3b
bbf67ec1-e979-4ba4-b300-5f977b7f2e67,r14525071_gamma1_c3a,"His first big kid's bike, this is so exciting!",/clips/r14525071/gamma1_c3a.wav,2026-06-05 14:54:51.258312+00,r14525071,gamma,gamma1,c3a
bc664fa6-6ebf-420f-91c2-abf3e6a640df,r14922a21_alpha5_c3b,I never had a bike of my own.,/clips/r14922a21/alpha5_c3b.wav,2026-06-05 14:54:51.258312+00,r14922a21,alpha,alpha5,c3b
bccf325f-c9c0-4ce9-b468-c348b61da6cf,r14922009_beta2_c2,Maybe we can put it in the guest bedroom.,/clips/r14922009/beta2_c2.wav,2026-06-05 14:54:51.258312+00,r14922009,beta,beta2,c2
bd77a893-9797-4f1e-b053-65e0a015ff85,r14525071_alpha2_c3b,I think I shouldn't look directly at them.,/clips/r14525071/alpha2_c3b.wav,2026-06-05 14:54:51.258312+00,r14525071,alpha,alpha2,c3b
be965c05-a7b4-4689-8217-5cb693a416a5,r12323023_beta4_c3b,What kind of discount do we get?,/clips/r12323023/beta4_c3b.wav,2026-06-05 14:54:51.258312+00,r12323023,beta,beta4,c3b
bf24d6d4-2a39-4b58-8e36-542d923b81f9,r14922009_gamma3_c2,What is the matter with your hand?,/clips/r14922009/gamma3_c2.wav,2026-06-05 15:28:45.157671+00,r14922009,gamma,gamma3,c2
c102e7c5-71f8-46f2-8f19-176a83506e61,r14525071_alpha6_c3a,"Hey wait a minute, this one isn't dirty.",/clips/r14525071/alpha6_c3a.wav,2026-06-05 14:54:51.258312+00,r14525071,alpha,alpha6,c3a
c1856831-9688-406e-97a7-f99199a42dd7,r14922009_beta1_c3b,There's nothing wrong with speaking correctly.,/clips/r14922009/beta1_c3b.wav,2026-06-05 14:54:51.258312+00,r14922009,beta,beta1,c3b
c1dc422a-442d-44e6-bbc1-33b940d3474b,b11901052_gamma3_c3b,What is the matter with your hand?,/clips/b11901052/gamma3_c3b.wav,2026-06-05 15:28:45.157671+00,b11901052,gamma,gamma3,c3b
c334d4c4-b68d-4001-85ab-161ee5cbd281,b09207084_beta4_c2,What kind of discount do we get?,/clips/b09207084/beta4_c2.wav,2026-06-05 14:54:51.258312+00,b09207084,beta,beta4,c2
c3992144-3957-4408-85b4-6114ec48ed17,r12323023_beta2_c2,Maybe we can put it in the guest bedroom.,/clips/r12323023/beta2_c2.wav,2026-06-05 15:28:45.157671+00,r12323023,beta,beta2,c2
c4f43a4d-7913-4da7-b019-72a808cb1e8d,r14922009_beta6_c3b,I've had a really good time tonight.,/clips/r14922009/beta6_c3b.wav,2026-06-05 15:28:45.157671+00,r14922009,beta,beta6,c3b
c6781321-845b-421d-8cbb-9a428f056dd0,b09207084_gamma5_c2,There's a side of steamed vegetables.,/clips/b09207084/gamma5_c2.wav,2026-06-05 14:54:51.258312+00,b09207084,gamma,gamma5,c2
c67e8afd-e435-4227-9c36-b8f2a226dcb7,r14922009_beta5_c2,I think it's gonna be really hard.,/clips/r14922009/beta5_c2.wav,2026-06-05 15:28:45.157671+00,r14922009,beta,beta5,c2
c75beb60-8615-488e-ba06-1ac539c461d7,b11901052_alpha3_c3b,Half the guys out there have makeup on.,/clips/b11901052/alpha3_c3b.wav,2026-06-05 14:54:51.258312+00,b11901052,alpha,alpha3,c3b
c811b805-9487-4702-a1b8-8c9a57cc3952,r12323023_beta5_c2,I think it's gonna be really hard.,/clips/r12323023/beta5_c2.wav,2026-06-05 14:54:51.258312+00,r12323023,beta,beta5,c2
c87c7122-f76d-4138-8978-0a301984ab02,r14525071_alpha1_c2,I can't believe this is happening.,/clips/r14525071/alpha1_c2.wav,2026-06-05 14:54:51.258312+00,r14525071,alpha,alpha1,c2
c8afd65d-8342-4481-9557-fa4424cc361c,r12323023_gamma2_c3a,You really think that is what he meant?,/clips/r12323023/gamma2_c3a.wav,2026-06-05 15:28:45.157671+00,r12323023,gamma,gamma2,c3a
cbdc264f-eba7-452c-acce-990fda5ca907,r12323023_alpha3_c3b,Half the guys out there have makeup on.,/clips/r12323023/alpha3_c3b.wav,2026-06-05 15:28:45.157671+00,r12323023,alpha,alpha3,c3b
cc98318a-77ef-45bb-804d-c82855e3574b,r14922009_gamma6_c3a,Are you going to eat that bread?,/clips/r14922009/gamma6_c3a.wav,2026-06-05 14:54:51.258312+00,r14922009,gamma,gamma6,c3a
ccdf61e9-7415-44b1-ba7f-5f5c92a641ca,r12323023_beta2_c3a,Maybe we can put it in the guest bedroom.,/clips/r12323023/beta2_c3a.wav,2026-06-05 14:54:51.258312+00,r12323023,beta,beta2,c3a
cd6fd0d6-82d4-48ca-a203-551fd8d258ab,r14922a21_alpha2_c2,I think I shouldn't look directly at them.,/clips/r14922a21/alpha2_c2.wav,2026-06-05 15:28:45.157671+00,r14922a21,alpha,alpha2,c2
cd92a115-7900-4c1a-a584-4e489ff9bd5d,r14922a21_alpha1_c3b,I can't believe this is happening.,/clips/r14922a21/alpha1_c3b.wav,2026-06-05 14:54:51.258312+00,r14922a21,alpha,alpha1,c3b
ce31c92c-6b56-4391-858a-b064d9832b1f,r14922009_gamma2_c3b,You really think that is what he meant?,/clips/r14922009/gamma2_c3b.wav,2026-06-05 15:28:45.157671+00,r14922009,gamma,gamma2,c3b
ce6916fa-6065-4108-a1ba-7ef22a6182ff,r12323023_gamma2_c2,You really think that is what he meant?,/clips/r12323023/gamma2_c2.wav,2026-06-05 14:54:51.258312+00,r12323023,gamma,gamma2,c2
cf045468-3d80-47a3-893e-c990f438476f,r14525071_gamma2_c2,You really think that is what he meant?,/clips/r14525071/gamma2_c2.wav,2026-06-05 14:54:51.258312+00,r14525071,gamma,gamma2,c2
cfa5d3a4-655c-463e-9473-eb5c3d028a48,r14525071_alpha5_c3a,I never had a bike of my own.,/clips/r14525071/alpha5_c3a.wav,2026-06-05 14:54:51.258312+00,r14525071,alpha,alpha5,c3a
d09a2517-e49e-401c-8ab9-5ccc0483f51d,r12323023_beta1_c3a,There's nothing wrong with speaking correctly.,/clips/r12323023/beta1_c3a.wav,2026-06-05 14:54:51.258312+00,r12323023,beta,beta1,c3a
d0a8cf4e-3aac-40b2-b7b1-02feeb6dd63b,b11901052_gamma1_c2,"His first big kid's bike, this is so exciting!",/clips/b11901052/gamma1_c2.wav,2026-06-05 14:54:51.258312+00,b11901052,gamma,gamma1,c2
d15329dc-449e-4ae7-8637-16ff50d4d1c6,r14922009_alpha2_c2,I think I shouldn't look directly at them.,/clips/r14922009/alpha2_c2.wav,2026-06-05 14:54:51.258312+00,r14922009,alpha,alpha2,c2
d310f76b-d288-447c-8b83-c317b0cbf18a,r14525071_gamma5_c3b,There's a side of steamed vegetables.,/clips/r14525071/gamma5_c3b.wav,2026-06-05 14:54:51.258312+00,r14525071,gamma,gamma5,c3b
d34c3d9f-a03c-4cdf-bedb-045e61cb6c4d,b09207084_beta6_c2,I've had a really good time tonight.,/clips/b09207084/beta6_c2.wav,2026-06-05 15:28:45.157671+00,b09207084,beta,beta6,c2
d4197f93-8d11-4b60-8e98-b81aac89977f,b11901052_beta6_c3b,I've had a really good time tonight.,/clips/b11901052/beta6_c3b.wav,2026-06-05 15:28:45.157671+00,b11901052,beta,beta6,c3b
d47e1c05-89da-4f26-acd1-52ce81bfdb4e,r14922a21_alpha1_c3a,I can't believe this is happening.,/clips/r14922a21/alpha1_c3a.wav,2026-06-05 14:54:51.258312+00,r14922a21,alpha,alpha1,c3a
d4afe05d-7638-4933-822d-0196f4c91f22,b09207084_alpha5_c3a,I never had a bike of my own.,/clips/b09207084/alpha5_c3a.wav,2026-06-05 14:54:51.258312+00,b09207084,alpha,alpha5,c3a
d56f679d-19ff-486f-b9e2-96d6f96c03c8,r14525071_beta4_c3b,What kind of discount do we get?,/clips/r14525071/beta4_c3b.wav,2026-06-05 14:54:51.258312+00,r14525071,beta,beta4,c3b
d584315c-1447-44ff-b819-a15b4132f4b4,r14525071_beta1_c2,There's nothing wrong with speaking correctly.,/clips/r14525071/beta1_c2.wav,2026-06-05 14:54:51.258312+00,r14525071,beta,beta1,c2
d594ef98-278d-4417-985e-5592efd4849c,r14922009_gamma2_c3a,You really think that is what he meant?,/clips/r14922009/gamma2_c3a.wav,2026-06-05 14:54:51.258312+00,r14922009,gamma,gamma2,c3a
d75f8d30-0e3a-4f36-adb4-a8123df822ed,r12323023_alpha3_c2,Half the guys out there have makeup on.,/clips/r12323023/alpha3_c2.wav,2026-06-05 15:28:45.157671+00,r12323023,alpha,alpha3,c2
d8339bc0-e59f-45f8-b096-d7debde979ad,b09207084_alpha3_c2,Half the guys out there have makeup on.,/clips/b09207084/alpha3_c2.wav,2026-06-05 14:54:51.258312+00,b09207084,alpha,alpha3,c2
d904bb4c-1dd2-417f-9459-6e049b6719f6,r12323023_beta3_c3a,"Wow, I really get crabby when I cook.",/clips/r12323023/beta3_c3a.wav,2026-06-05 14:54:51.258312+00,r12323023,beta,beta3,c3a
dc18e28e-4249-4096-b0a1-c92127fb82c3,r14922a21_gamma5_c3a,There's a side of steamed vegetables.,/clips/r14922a21/gamma5_c3a.wav,2026-06-05 14:54:51.258312+00,r14922a21,gamma,gamma5,c3a
dc39c270-746d-4af1-880d-2bfa1c773890,r14922009_beta4_c2,What kind of discount do we get?,/clips/r14922009/beta4_c2.wav,2026-06-05 15:28:45.157671+00,r14922009,beta,beta4,c2
dce2bba2-b714-420d-84c0-c99ecd5e420f,r14525071_alpha4_c3b,Did the girl ever let you ride it?,/clips/r14525071/alpha4_c3b.wav,2026-06-05 15:28:45.157671+00,r14525071,alpha,alpha4,c3b
dd41eebb-f869-4ab2-a24b-d58b760df853,b11901052_beta6_c3a,I've had a really good time tonight.,/clips/b11901052/beta6_c3a.wav,2026-06-05 14:54:51.258312+00,b11901052,beta,beta6,c3a
def342a0-c126-4ab0-be17-93111b44aa2a,b11901052_beta2_c2,Maybe we can put it in the guest bedroom.,/clips/b11901052/beta2_c2.wav,2026-06-05 14:54:51.258312+00,b11901052,beta,beta2,c2
df4eb257-7d04-4129-8295-47cb3060d9fc,b11901052_beta3_c3b,"Wow, I really get crabby when I cook.",/clips/b11901052/beta3_c3b.wav,2026-06-05 14:54:51.258312+00,b11901052,beta,beta3,c3b
dfe1686f-6fd3-4e2d-b9c1-1b410f04667a,r14525071_gamma6_c2,Are you going to eat that bread?,/clips/r14525071/gamma6_c2.wav,2026-06-05 14:54:51.258312+00,r14525071,gamma,gamma6,c2
e251382d-b389-4595-a4dc-16b0cde5dbcb,b11901052_alpha2_c3a,I think I shouldn't look directly at them.,/clips/b11901052/alpha2_c3a.wav,2026-06-05 15:28:45.157671+00,b11901052,alpha,alpha2,c3a
e2ab3030-5a4a-42a5-a978-a0817da18f76,b11901052_alpha1_c3b,I can't believe this is happening.,/clips/b11901052/alpha1_c3b.wav,2026-06-05 15:28:45.157671+00,b11901052,alpha,alpha1,c3b
e3bf183f-e562-4512-b03b-e2f7ab59a28f,b09207084_beta6_c3a,I've had a really good time tonight.,/clips/b09207084/beta6_c3a.wav,2026-06-05 14:54:51.258312+00,b09207084,beta,beta6,c3a
e52aba0b-f8f2-4d7a-a2bd-c38fd7aae422,r14922009_alpha4_c3a,Did the girl ever let you ride it?,/clips/r14922009/alpha4_c3a.wav,2026-06-05 14:54:51.258312+00,r14922009,alpha,alpha4,c3a
e6b49eab-e10f-4082-b656-a069575c8667,r14922009_alpha6_c3b,"Hey wait a minute, this one isn't dirty.",/clips/r14922009/alpha6_c3b.wav,2026-06-05 14:54:51.258312+00,r14922009,alpha,alpha6,c3b
e72c2eec-da63-4d3e-86d8-7c6aa03166d2,r14922009_alpha1_c3b,I can't believe this is happening.,/clips/r14922009/alpha1_c3b.wav,2026-06-05 14:54:51.258312+00,r14922009,alpha,alpha1,c3b
e74946a2-6d33-4bfd-9bf6-118f80da6ef6,r14525071_beta6_c3a,I've had a really good time tonight.,/clips/r14525071/beta6_c3a.wav,2026-06-05 14:54:51.258312+00,r14525071,beta,beta6,c3a
e9266312-7b44-4dfb-bf19-cf20f0f3796b,b09207084_alpha1_c2,I can't believe this is happening.,/clips/b09207084/alpha1_c2.wav,2026-06-05 14:54:51.258312+00,b09207084,alpha,alpha1,c2
e92f8a9f-d651-4675-a6f5-c1e99236b04d,r14922a21_alpha5_c2,I never had a bike of my own.,/clips/r14922a21/alpha5_c2.wav,2026-06-05 14:54:51.258312+00,r14922a21,alpha,alpha5,c2
ea123c5b-7f0b-41b8-95c1-c65cd12b1447,r14922a21_gamma3_c2,What is the matter with your hand?,/clips/r14922a21/gamma3_c2.wav,2026-06-05 14:54:51.258312+00,r14922a21,gamma,gamma3,c2
ea1ba105-73f8-4fe9-b192-4d04cebd6f73,r14525071_alpha1_c3a,I can't believe this is happening.,/clips/r14525071/alpha1_c3a.wav,2026-06-05 14:54:51.258312+00,r14525071,alpha,alpha1,c3a
eb9c1292-fdbe-4a42-9d3f-3fbcef12b301,b11901052_beta3_c3a,"Wow, I really get crabby when I cook.",/clips/b11901052/beta3_c3a.wav,2026-06-05 14:54:51.258312+00,b11901052,beta,beta3,c3a
eba040e8-cf64-4af1-ad9d-393029df241d,b09207084_gamma1_c3a,"His first big kid's bike, this is so exciting!",/clips/b09207084/gamma1_c3a.wav,2026-06-05 15:28:45.157671+00,b09207084,gamma,gamma1,c3a
ebf8cd45-0eb7-4065-91f5-3af62e229d26,r14922a21_gamma4_c3a,Of course it's true and it hurts so bad.,/clips/r14922a21/gamma4_c3a.wav,2026-06-05 14:54:51.258312+00,r14922a21,gamma,gamma4,c3a
ec19b0a5-2fb4-478f-9299-56f9cd3740e7,r14922009_gamma5_c3a,There's a side of steamed vegetables.,/clips/r14922009/gamma5_c3a.wav,2026-06-05 14:54:51.258312+00,r14922009,gamma,gamma5,c3a
ec1b82e8-7eac-419b-8e6c-610b054d3847,b09207084_beta1_c3a,There's nothing wrong with speaking correctly.,/clips/b09207084/beta1_c3a.wav,2026-06-05 14:54:51.258312+00,b09207084,beta,beta1,c3a
ec39dd87-c1ff-4159-b615-4a2f77fe42d2,r12323023_gamma6_c3b,Are you going to eat that bread?,/clips/r12323023/gamma6_c3b.wav,2026-06-05 15:28:45.157671+00,r12323023,gamma,gamma6,c3b
ed008842-cac2-42e6-8c77-1ec006f8efd7,r14922a21_gamma6_c2,Are you going to eat that bread?,/clips/r14922a21/gamma6_c2.wav,2026-06-05 14:54:51.258312+00,r14922a21,gamma,gamma6,c2
ed1080b9-3a18-440e-b040-e555d162fb66,r14525071_alpha6_c3b,"Hey wait a minute, this one isn't dirty.",/clips/r14525071/alpha6_c3b.wav,2026-06-05 15:28:45.157671+00,r14525071,alpha,alpha6,c3b
ed2febe0-4c43-40f9-99e2-21683c664f01,r14922009_alpha2_c3a,I think I shouldn't look directly at them.,/clips/r14922009/alpha2_c3a.wav,2026-06-05 14:54:51.258312+00,r14922009,alpha,alpha2,c3a
ed56a282-1f52-46d5-b00a-b0101ecabf04,r14922009_alpha6_c2,"Hey wait a minute, this one isn't dirty.",/clips/r14922009/alpha6_c2.wav,2026-06-05 15:28:45.157671+00,r14922009,alpha,alpha6,c2
ed9e26de-2a4c-4729-96c2-33923f2b089b,r14525071_beta4_c3a,What kind of discount do we get?,/clips/r14525071/beta4_c3a.wav,2026-06-05 14:54:51.258312+00,r14525071,beta,beta4,c3a
edff3ad9-1af1-420c-84e5-57524dd06f85,b11901052_beta3_c2,"Wow, I really get crabby when I cook.",/clips/b11901052/beta3_c2.wav,2026-06-05 15:28:45.157671+00,b11901052,beta,beta3,c2
ee178b0c-86ca-42a6-9030-268f10900a37,r12323023_beta1_c2,There's nothing wrong with speaking correctly.,/clips/r12323023/beta1_c2.wav,2026-06-05 14:54:51.258312+00,r12323023,beta,beta1,c2
f08be126-e72e-4db5-8594-a126eb1aac89,b09207084_gamma4_c2,Of course it's true and it hurts so bad.,/clips/b09207084/gamma4_c2.wav,2026-06-05 14:54:51.258312+00,b09207084,gamma,gamma4,c2
f150d63a-ce53-492f-9eb6-7ec6453e7b47,r14922009_alpha5_c3b,I never had a bike of my own.,/clips/r14922009/alpha5_c3b.wav,2026-06-05 15:28:45.157671+00,r14922009,alpha,alpha5,c3b
f155e168-05a1-4772-803d-fba94fa2f822,r12323023_alpha6_c3b,"Hey wait a minute, this one isn't dirty.",/clips/r12323023/alpha6_c3b.wav,2026-06-05 14:54:51.258312+00,r12323023,alpha,alpha6,c3b
f1b30c52-e6d6-4e1a-97ea-8bd2ec638e8a,b11901052_gamma2_c2,You really think that is what he meant?,/clips/b11901052/gamma2_c2.wav,2026-06-05 14:54:51.258312+00,b11901052,gamma,gamma2,c2
f266d8c3-93bb-4f16-9ca6-efba6d1df3d2,r14922009_gamma1_c3a,"His first big kid's bike, this is so exciting!",/clips/r14922009/gamma1_c3a.wav,2026-06-05 15:28:45.157671+00,r14922009,gamma,gamma1,c3a
f368fb68-19dd-4fb1-93f1-03277c824436,r14525071_gamma5_c2,There's a side of steamed vegetables.,/clips/r14525071/gamma5_c2.wav,2026-06-05 15:28:45.157671+00,r14525071,gamma,gamma5,c2
f4f2bc2d-e24c-458b-8266-a638006944a4,b11901052_beta1_c2,There's nothing wrong with speaking correctly.,/clips/b11901052/beta1_c2.wav,2026-06-05 14:54:51.258312+00,b11901052,beta,beta1,c2
f5db30a2-c1e6-4962-926b-f197cda85d54,r12323023_gamma5_c3a,There's a side of steamed vegetables.,/clips/r12323023/gamma5_c3a.wav,2026-06-05 15:28:45.157671+00,r12323023,gamma,gamma5,c3a
f5ed8dae-ec64-49fb-abab-399666f21acb,r14922009_alpha3_c3b,Half the guys out there have makeup on.,/clips/r14922009/alpha3_c3b.wav,2026-06-05 14:54:51.258312+00,r14922009,alpha,alpha3,c3b
f77541b5-fcba-420e-99ee-daf2c2d84de0,b09207084_alpha2_c3b,I think I shouldn't look directly at them.,/clips/b09207084/alpha2_c3b.wav,2026-06-05 14:54:51.258312+00,b09207084,alpha,alpha2,c3b
f79d7f1e-a13e-4547-8f25-2fd681a98089,b09207084_beta6_c3b,I've had a really good time tonight.,/clips/b09207084/beta6_c3b.wav,2026-06-05 14:54:51.258312+00,b09207084,beta,beta6,c3b
f857950f-8b95-4890-89da-f0788e0ebaaf,r14922a21_alpha4_c3a,Did the girl ever let you ride it?,/clips/r14922a21/alpha4_c3a.wav,2026-06-05 15:28:45.157671+00,r14922a21,alpha,alpha4,c3a
f86993d4-6744-45a0-8b45-a6f972baeb8d,b11901052_gamma5_c3b,There's a side of steamed vegetables.,/clips/b11901052/gamma5_c3b.wav,2026-06-05 14:54:51.258312+00,b11901052,gamma,gamma5,c3b
f8b3c206-e2dd-4fb1-876a-7496afb9c6d5,b09207084_alpha6_c3a,"Hey wait a minute, this one isn't dirty.",/clips/b09207084/alpha6_c3a.wav,2026-06-05 14:54:51.258312+00,b09207084,alpha,alpha6,c3a
f9ea7a46-fa3d-47a7-80fe-f88bbc6f50eb,b09207084_beta3_c3b,"Wow, I really get crabby when I cook.",/clips/b09207084/beta3_c3b.wav,2026-06-05 14:54:51.258312+00,b09207084,beta,beta3,c3b
fbc20be7-a381-4a0b-95fb-2b1a5deed526,b11901052_gamma2_c3b,You really think that is what he meant?,/clips/b11901052/gamma2_c3b.wav,2026-06-05 15:28:45.157671+00,b11901052,gamma,gamma2,c3b
fc07702c-dbfd-4c47-ab12-25ec827eb8c3,r12323023_gamma2_c3b,You really think that is what he meant?,/clips/r12323023/gamma2_c3b.wav,2026-06-05 15:28:45.157671+00,r12323023,gamma,gamma2,c3b
fc646123-33e0-4067-8f7b-7fe37a4f2faa,r14525071_alpha3_c3a,Half the guys out there have makeup on.,/clips/r14525071/alpha3_c3a.wav,2026-06-05 14:54:51.258312+00,r14525071,alpha,alpha3,c3a
fd6f083f-7e90-45e6-8262-886b829ff9d8,r14525071_gamma3_c3b,What is the matter with your hand?,/clips/r14525071/gamma3_c3b.wav,2026-06-05 14:54:51.258312+00,r14525071,gamma,gamma3,c3b
fe7e25a1-58cd-4d88-8793-f0debdf8431d,r14922a21_alpha3_c2,Half the guys out there have makeup on.,/clips/r14922a21/alpha3_c2.wav,2026-06-05 14:54:51.258312+00,r14922a21,alpha,alpha3,c2
febe1789-9917-4938-ad94-3c94acf1caff,b11901052_beta4_c3a,What kind of discount do we get?,/clips/b11901052/beta4_c3a.wav,2026-06-05 14:54:51.258312+00,b11901052,beta,beta4,c3a
ff860f5f-f210-45ac-b148-2ac6cf8fe7e8,b09207084_gamma3_c3b,What is the matter with your hand?,/clips/b09207084/gamma3_c3b.wav,2026-06-05 14:54:51.258312+00,b09207084,gamma,gamma3,c3b